[
  {
    "demo":{
        "1": {
            "name": "章节主页",
            "descript": "",
            "first_title1": "标题 1",
            "first_title2": "",
            "second_title1": "",
            "second_title2": "",
            "third_title1": "",
            "third_title2": "",
            "context1": "矩形 5",
            "context2": "",
            "pic1": "",
            "pic2": ""
        },
        "2": {
            "name": "目录页",
            "descript": "",
            "first_title1": "",
            "first_title2": "",
            "second_title1": "",
            "second_title2": "",
            "third_title1": "",
            "third_title2": "",
            "context1": "文本框 11",
            "context2": "",
            "pic1": "",
            "pic2": ""
        },
        "3": {
            "name": "学习要求",
            "descript": "",
            "first_title1": "",
            "first_title2": "",
            "second_title1": "",
            "second_title2": "",
            "third_title1": "",
            "third_title2": "",
            "context1": "文本框 7",
            "context2": "",
            "pic1": "",
            "pic2": ""
        },
        "4": {
            "name": "重难点",
            "descript": "",
            "first_title1": "",
            "first_title2": "",
            "second_title1": "",
            "second_title2": "",
            "third_title1": "",
            "third_title2": "",
            "context1": "内容占位符 5",
            "context2": "",
            "pic1": "",
            "pic2": ""
        },
        "5": {
            "name": "节标题页",
            "descript": "",
            "first_title1": "",
            "first_title2": "",
            "second_title1": "",
            "second_title2": "",
            "third_title1": "",
            "third_title2": "",
            "context1": "文本框 7",
            "context2": "",
            "pic1": "",
            "pic2": ""
        },
        "6": {
            "name": "普通正文",
            "descript": "",
            "first_title1": "标题 1",
            "first_title2": "",
            "second_title1": "",
            "second_title2": "",
            "third_title1": "",
            "third_title2": "",
            "context1": "文本框 3",
            "context2": "",
            "pic1": "",
            "pic2": ""
        },
        "7": {
            "name": "小标题正文",
            "descript": "",
            "first_title1": "标题 1",
            "first_title2": "",
            "second_title1": "文本框 10",
            "second_title2": "",
            "third_title1": "",
            "third_title2": "",
            "context1": "文本框 4",
            "context2": "",
            "pic1": "",
            "pic2": ""
        },
        "8": {
            "name": "图片正文",
            "descript": "",
            "first_title1": "标题 1",
            "first_title2": "",
            "second_title1": "",
            "second_title2": "",
            "third_title1": "",
            "third_title2": "",
            "context1": "文本框 9",
            "context2": "",
            "pic1": "图片占位符 20",
            "pic2": ""
        },
        "9": {
            "name": "小标题图片正文",
            "descript": "",
            "first_title1": "标题 1",
            "first_title2": "",
            "second_title1": "",
            "second_title2": "",
            "third_title1": "",
            "third_title2": "",
            "context1": "文本框 9",
            "context2": "",
            "pic1": "图片占位符 20",
            "pic2": ""
        },
        "10": {
            "name": "例题",
            "descript": "",
            "first_title1": "标题 1",
            "first_title2": "",
            "second_title1": "",
            "second_title2": "",
            "third_title1": "",
            "third_title2": "",
            "context1": "文本框 10",
            "context2": "",
            "pic1": "",
            "pic2": ""
        },
        "11": {
            "name": "思维导图",
            "descript": "",
            "first_title1": "标题 1",
            "first_title2": "",
            "second_title1": "",
            "second_title2": "",
            "third_title1": "",
            "third_title2": "",
            "context1": "",
            "context2": "",
            "pic1": "图片占位符 20",
            "pic2": ""
        },
        "12": {
            "name": "总结页",
            "descript": "",
            "first_title1": "标题 1",
            "first_title2": "",
            "second_title1": "",
            "second_title2": "",
            "third_title1": "",
            "third_title2": "",
            "context1": "文本框 7",
            "context2": "",
            "pic1": "",
            "pic2": ""
        },
        "13": {
            "name": "尾页",
            "descript": "",
            "first_title1": "标题 1",
            "first_title2": "",
            "second_title1": "",
            "second_title2": "",
            "third_title1": "",
            "third_title2": "",
            "context1": "文本框 7",
            "context2": "",
            "pic1": "",
            "pic2": ""
        }
    }
  }

]